	genre
0	pop
1	rock
2	pop
3	rock
4	dance
5	dance
6	chanson
7	pop
8	dance
9	rock
10	pop
11	pop
12	rap
13	rock
14	pop
15	pop
16	pop
17	edm
18	dance
19	hip hop
20	edm
21	edm
22	edm
23	pop
24	pop
25	edm
26	pop
27	dance
28	pop
29	edm
30	edm
31	rock
32	pop
33	pop
34	pop
35	pop
36	dance
37	pop
38	pop
39	edm
40	edm
41	pop
42	pop
43	dance
44	classical
45	pop
46	pop
47	pop
48	reggae
49	edm
50	chanson
51	pop
52	pop
53	edm
54	rock
55	edm
56	dance
57	r&b
58	rap
59	pop
60	rock
61	country
62	pop
63	pop
64	pop
65	rock
66	pop
67	pop
68	pop
69	pop
70	pop
71	pop
72	edm
73	edm
74	pop
75	edm
76	edm
77	pop
78	chanson
79	pop
80	pop
81	pop
82	pop
83	dance
84	pop
85	r&b
86	edm
87	pop
88	reggae
89	edm
90	rap
91	pop
92	edm
93	pop
94	pop
95	pop
96	chanson
97	pop
98	pop
99	pop
100	pop
101	pop
102	dance
103	reggae
104	edm
105	rap
106	rap
107	dance
108	dance
109	dance
110	reggae
111	pop
112	edm
113	pop
114	rock
115	edm
116	pop
117	reggae
118	pop
119	edm
120	pop
121	edm
122	pop
123	reggae
124	pop
125	pop
126	pop
127	pop
128	pop
129	pop
130	pop
131	edm
132	edm
133	edm
134	pop
135	edm
136	reggae
137	pop
138	r&b
139	dance
140	pop
141	reggae
142	chanson
143	country
144	classical
145	rock
146	pop
147	pop
148	edm
149	classical
150	edm
151	edm
152	pop
153	pop
154	pop
155	rock
156	edm
157	pop
158	pop
159	rap
160	pop
161	reggae
162	pop
163	rock
164	pop
165	dance
166	pop
167	pop
168	edm
169	pop
170	pop
171	edm
172	rock
173	rock
174	pop
175	pop
176	pop
177	chanson
178	pop
179	rock
180	rock
181	pop
182	pop
183	pop
184	rock
185	chanson
186	pop
187	edm
188	reggae
189	edm
190	edm
191	edm
192	pop
193	edm
194	edm
195	r&b
196	dance
197	edm
198	reggae
199	chanson
200	pop
201	r&b
202	rock
203	pop
204	dance
205	pop
206	pop
207	pop
208	edm
209	pop
210	pop
211	pop
212	edm
213	reggae
214	pop
215	pop
216	pop
217	pop
218	pop
219	edm
220	pop
221	pop
222	rock
223	pop
224	pop
225	rock
226	edm
227	pop
228	dance
229	pop
230	pop
231	edm
232	edm
233	chanson
234	edm
235	pop
236	edm
237	pop
238	rock
239	chanson
240	rock
241	pop
242	pop
243	pop
244	pop
245	edm
246	edm
247	pop
248	edm
249	pop
250	hip hop
251	pop
252	pop
253	edm
254	edm
255	pop
256	edm
257	pop
258	hip hop
259	rock
260	pop
261	dance
262	rap
263	pop
264	edm
265	pop
266	pop
267	edm
268	rock
269	pop
270	pop
271	pop
272	r&b
273	pop
274	edm
275	pop
276	dance
277	pop
278	rock
279	hip hop
280	pop
281	reggae
282	dance
283	pop
284	pop
285	rock
286	pop
287	pop
288	edm
289	pop
290	rap
291	edm
292	rock
293	rock
294	pop
295	dance
296	pop
297	rock
298	pop
299	hip hop
300	edm
301	rock
302	pop
303	pop
304	pop
305	edm
306	reggae
307	rock
308	edm
309	pop
310	pop
311	chanson
312	edm
313	rock
314	rock
315	reggae
316	rock
317	rock
318	pop
319	rap
320	pop
321	edm
322	edm
323	pop
324	rock
325	rock
326	pop
327	rock
328	pop
329	pop
330	pop
331	pop
332	edm
333	pop
334	pop
335	edm
336	pop
337	pop
338	pop
339	pop
340	hip hop
341	pop
342	pop
343	pop
344	rock
345	edm
346	r&b
347	classical
348	rock
349	rock
350	pop
351	rock
352	pop
353	edm
354	rap
355	rock
356	pop
357	pop
358	pop
359	pop
360	edm
361	pop
362	pop
363	pop
364	edm
365	reggae
366	rock
367	pop
368	pop
369	pop
370	dance
371	edm
372	pop
373	rock
374	chanson
375	edm
376	edm
377	pop
378	pop
379	pop
380	rap
381	pop
382	rock
383	pop
384	pop
385	rock
386	classical
387	edm
388	edm
389	rock
390	rock
391	pop
392	pop
393	pop
394	pop
395	pop
396	pop
397	edm
398	pop
399	edm
400	pop
401	pop
402	rock
403	edm
404	dance
405	pop
406	reggae
407	edm
408	edm
409	dance
410	pop
411	edm
412	reggae
413	pop
414	pop
415	dance
416	edm
417	edm
418	pop
419	pop
420	hip hop
421	edm
422	rock
423	edm
424	edm
425	pop
426	pop
427	pop
428	rock
429	pop
430	edm
431	classical
432	rock
433	pop
434	edm
435	edm
436	pop
437	hip hop
438	r&b
439	pop
440	rock
441	pop
442	pop
443	pop
444	edm
445	edm
446	edm
447	edm
448	pop
449	pop
450	chanson
451	rock
452	pop
453	hip hop
454	edm
455	rock
456	edm
457	pop
458	rock
459	edm
460	pop
461	hip hop
462	chanson
463	pop
464	edm
465	edm
466	pop
467	edm
468	pop
469	edm
470	edm
471	rock
472	edm
473	edm
474	pop
475	rock
476	pop
477	pop
478	edm
479	pop
480	pop
481	pop
482	edm
483	pop
484	pop
485	edm
486	pop
487	pop
488	pop
489	chanson
490	pop
491	rock
492	pop
493	rock
494	reggae
495	pop
496	pop
497	rock
498	pop
499	dance
500	edm
501	reggae
502	edm
503	edm
504	pop
505	pop
506	pop
507	dance
508	pop
509	pop
510	pop
511	edm
512	rock
513	edm
514	pop
515	pop
516	edm
517	edm
518	pop
519	edm
520	rock
521	edm
522	pop
523	pop
524	pop
525	pop
526	edm
527	edm
528	pop
529	rock
530	pop
531	edm
532	rock
533	pop
534	dance
535	dance
536	rock
537	dance
538	pop
539	edm
540	pop
541	chanson
542	chanson
543	rock
544	pop
545	rock
546	pop
547	edm
548	pop
549	dance
550	pop
551	pop
552	pop
553	pop
554	rock
555	dance
556	edm
557	pop
558	dance
559	dance
560	chanson
561	dance
562	edm
563	edm
564	edm
565	pop
566	pop
567	rock
568	rap
569	edm
570	pop
571	dance
572	pop
573	pop
574	rock
575	hip hop
576	edm
577	pop
578	dance
579	edm
580	pop
581	pop
582	edm
583	pop
584	r&b
585	edm
586	chanson
587	rock
588	r&b
589	pop
590	edm
591	pop
592	pop
593	classical
594	pop
595	dance
596	rock
597	dance
598	pop
599	hip hop
600	pop
601	rock
602	pop
603	pop
604	edm
605	edm
606	rock
607	edm
608	pop
609	classical
610	hip hop
611	edm
612	pop
613	pop
614	rock
615	rock
616	edm
617	edm
618	classical
619	rock
620	edm
621	reggae
622	chanson
623	pop
624	pop
625	rock
626	rock
627	pop
628	rock
629	edm
630	edm
631	pop
632	pop
633	edm
634	pop
635	edm
636	edm
637	pop
638	rock
639	edm
640	edm
641	reggae
642	edm
643	edm
644	chanson
645	pop
646	pop
647	hip hop
648	pop
649	reggae
650	pop
651	pop
652	chanson
653	rock
654	edm
655	rock
656	edm
657	rock
658	pop
659	pop
660	classical
661	pop
662	edm
663	pop
664	pop
665	pop
666	rock
667	edm
668	pop
669	pop
670	rock
671	chanson
672	pop
673	pop
674	pop
675	pop
676	pop
677	rock
678	edm
679	pop
680	pop
681	pop
682	pop
683	edm
684	pop
685	reggae
686	edm
687	edm
688	chanson
689	rap
690	pop
691	edm
692	pop
693	rock
694	edm
695	pop
696	dance
697	pop
698	edm
699	rock
700	pop
701	chanson
702	pop
703	pop
704	chanson
705	reggae
706	reggae
707	dance
708	edm
709	pop
710	edm
711	pop
712	edm
713	classical
714	pop
715	rap
716	edm
717	hip hop
718	pop
719	pop
720	edm
721	reggae
722	pop
723	rock
724	rock
725	edm
726	pop
727	edm
728	rock
729	edm
730	pop
731	pop
732	pop
733	chanson
734	rock
735	pop
736	pop
737	edm
738	pop
739	pop
740	classical
741	pop
742	edm
743	rock
744	hip hop
745	pop
746	pop
747	edm
748	rock
749	edm
750	pop
751	edm
752	chanson
753	rap
754	edm
755	rock
756	pop
757	pop
758	pop
759	rap
760	edm
761	pop
762	pop
763	edm
764	dance
765	pop
766	pop
767	edm
768	pop
769	pop
770	rock
771	edm
772	pop
773	rock
774	classical
775	rock
776	edm
777	pop
778	pop
779	dance
780	pop
781	edm
782	reggae
783	pop
784	country
785	edm
786	pop
787	pop
788	pop
789	rock
790	pop
791	pop
792	pop
793	dance
794	dance
795	pop
796	pop
797	chanson
798	rock
799	rock
800	pop
801	edm
802	pop
803	edm
804	pop
805	edm
806	pop
807	pop
808	pop
809	edm
810	chanson
811	dance
812	dance
813	edm
814	edm
815	edm
816	pop
817	rock
818	rock
819	edm
820	edm
821	classical
822	classical
823	pop
824	reggae
825	rock
826	chanson
827	pop
828	chanson
829	pop
830	pop
831	edm
832	rap
833	edm
834	rock
835	pop
836	dance
837	rock
838	pop
839	edm
840	rock
841	chanson
842	edm
843	pop
844	rock
845	r&b
846	pop
847	pop
848	pop
849	dance
850	pop
851	rap
852	rock
853	chanson
854	edm
855	chanson
856	edm
857	pop
858	rock
859	edm
860	classical
861	pop
862	pop
863	edm
864	pop
865	hip hop
866	rock
867	pop
868	pop
869	pop
870	pop
871	pop
872	dance
873	edm
874	chanson
875	pop
876	pop
877	pop
878	rock
879	edm
880	edm
881	edm
882	pop
883	edm
884	pop
885	edm
886	pop
887	hip hop
888	edm
889	rock
890	country
891	dance
892	pop
893	pop
894	pop
895	rock
896	pop
897	pop
898	dance
899	classical
900	pop
901	edm
902	rock
903	dance
904	reggae
905	edm
906	pop
907	rock
908	dance
909	pop
910	rock
911	dance
912	edm
913	chanson
914	rock
915	dance
916	dance
917	chanson
918	edm
919	edm
920	chanson
921	edm
922	pop
923	pop
924	pop
925	dance
926	edm
927	pop
928	pop
929	edm
930	pop
931	rock
932	pop
933	pop
934	rock
935	edm
936	chanson
937	pop
938	edm
939	edm
940	punk
941	pop
942	rock
943	pop
944	edm
945	rap
946	rock
947	pop
948	edm
949	rock
950	pop
951	pop
952	dance
953	edm
954	r&b
955	pop
956	edm
957	pop
958	dance
959	pop
960	edm
961	pop
962	pop
963	rock
964	pop
965	edm
966	pop
967	pop
968	pop
969	pop
970	hip hop
971	rock
972	hip hop
973	pop
974	pop
975	pop
976	reggae
977	pop
978	edm
979	edm
980	rock
981	pop
982	classical
983	pop
984	pop
985	pop
986	edm
987	pop
988	pop
989	edm
990	rock
991	dance
992	pop
993	pop
994	pop
995	edm
996	pop
997	pop
998	rock
999	pop
1000	rock
1001	rock
1002	edm
1003	chanson
1004	rock
1005	edm
1006	pop
1007	rock
1008	rock
1009	pop
1010	pop
1011	pop
1012	edm
1013	pop
1014	pop
1015	pop
1016	pop
1017	pop
1018	pop
1019	r&b
1020	rock
1021	pop
1022	pop
1023	rock
1024	edm
1025	rock
1026	edm
1027	rock
1028	pop
1029	rock
1030	pop
1031	pop
1032	edm
1033	pop
1034	hip hop
1035	reggae
1036	rock
1037	edm
1038	chanson
1039	rock
1040	pop
1041	pop
1042	pop
1043	edm
1044	edm
1045	edm
1046	rock
1047	pop
1048	edm
1049	pop
1050	edm
1051	hip hop
1052	pop
1053	hip hop
1054	rap
1055	hip hop
1056	chanson
1057	pop
1058	rock
1059	pop
1060	rock
1061	pop
1062	pop
1063	pop
1064	edm
1065	rock
1066	pop
1067	dance
1068	dance
1069	pop
1070	reggae
1071	pop
1072	edm
1073	edm
1074	edm
1075	dance
1076	edm
1077	pop
1078	pop
1079	rock
1080	pop
1081	pop
1082	edm
1083	edm
1084	pop
1085	pop
1086	classical
1087	classical
1088	edm
1089	edm
1090	rock
1091	edm
1092	pop
1093	edm
1094	pop
1095	edm
1096	dance
1097	classical
1098	pop
1099	pop
1100	rock
1101	pop
1102	pop
1103	pop
1104	pop
1105	pop
1106	r&b
1107	chanson
1108	pop
1109	pop
1110	rock
1111	pop
1112	edm
1113	chanson
1114	edm
1115	edm
1116	pop
1117	pop
1118	pop
1119	pop
1120	edm
1121	pop
1122	edm
1123	rock
1124	pop
1125	punk
1126	pop
1127	pop
1128	chanson
1129	pop
1130	pop
1131	pop
1132	reggae
1133	pop
1134	rock
1135	r&b
1136	pop
1137	pop
1138	edm
1139	edm
1140	edm
1141	pop
1142	pop
1143	pop
1144	dance
1145	pop
1146	rock
1147	pop
1148	pop
1149	rock
1150	chanson
1151	pop
1152	dance
1153	pop
1154	rock
1155	pop
1156	pop
1157	pop
1158	pop
1159	pop
1160	classical
1161	pop
1162	chanson
1163	edm
1164	pop
1165	rock
1166	pop
1167	dance
1168	rap
1169	rap
1170	edm
1171	pop
1172	pop
1173	rock
1174	classical
1175	dance
1176	pop
1177	dance
1178	reggae
1179	pop
1180	rock
1181	pop
1182	rock
1183	rock
1184	r&b
1185	pop
1186	edm
1187	pop
1188	r&b
1189	pop
1190	rock
1191	dance
1192	pop
1193	edm
1194	pop
1195	pop
1196	reggae
1197	pop
1198	rock
1199	edm
1200	edm
1201	edm
1202	rock
1203	rock
1204	rock
1205	pop
1206	pop
1207	reggae
1208	edm
1209	edm
1210	reggae
1211	edm
1212	classical
1213	edm
1214	dance
1215	rock
1216	pop
1217	pop
1218	pop
1219	edm
1220	edm
1221	pop
1222	edm
1223	pop
1224	edm
1225	rock
1226	pop
1227	edm
1228	pop
1229	dance
1230	rock
1231	chanson
1232	pop
1233	pop
1234	rock
1235	rock
1236	pop
1237	rock
1238	pop
1239	pop
1240	pop
1241	dance
1242	hip hop
1243	pop
1244	pop
1245	pop
1246	rock
1247	edm
1248	pop
1249	pop
1250	dance
1251	pop
1252	pop
1253	edm
1254	pop
1255	edm
1256	rock
1257	rock
1258	edm
1259	pop
1260	pop
1261	pop
1262	edm
1263	edm
1264	r&b
1265	pop
1266	dance
1267	pop
1268	rock
1269	pop
1270	edm
1271	rock
1272	pop
1273	rock
1274	rap
1275	edm
1276	edm
1277	pop
1278	pop
1279	pop
1280	pop
1281	edm
1282	pop
1283	rock
1284	pop
1285	pop
1286	edm
1287	pop
1288	pop
1289	pop
1290	pop
1291	pop
1292	edm
1293	edm
1294	rock
1295	pop
1296	rap
1297	edm
1298	chanson
1299	r&b
1300	classical
1301	pop
1302	pop
1303	rock
1304	dance
1305	rock
1306	rock
1307	chanson
1308	pop
1309	rock
1310	pop
1311	edm
1312	chanson
1313	rock
1314	dance
1315	dance
1316	edm
1317	edm
1318	rock
1319	pop
1320	rock
1321	edm
1322	edm
1323	chanson
1324	edm
1325	pop
1326	rock
1327	edm
1328	rock
1329	reggae
1330	pop
1331	rock
1332	edm
1333	pop
1334	pop
1335	pop
1336	pop
1337	pop
1338	edm
1339	edm
1340	rock
1341	rock
1342	rock
1343	chanson
1344	rap
1345	edm
1346	reggae
1347	rock
1348	rock
1349	edm
1350	pop
1351	edm
1352	pop
1353	edm
1354	pop
1355	chanson
1356	rock
1357	pop
1358	chanson
1359	pop
1360	edm
1361	pop
1362	edm
1363	dance
1364	pop
1365	rock
1366	pop
1367	rock
1368	pop
1369	edm
1370	pop
1371	pop
1372	edm
1373	rock
1374	pop
1375	rock
1376	rock
1377	pop
1378	dance
1379	edm
1380	dance
1381	pop
1382	edm
1383	reggae
1384	pop
1385	pop
1386	edm
1387	edm
1388	pop
1389	pop
1390	rap
1391	reggae
1392	pop
1393	pop
1394	edm
1395	pop
1396	pop
1397	dance
1398	rap
1399	pop
1400	rock
1401	rap
1402	dance
1403	edm
1404	dance
1405	rock
1406	edm
1407	edm
1408	hip hop
1409	edm
1410	edm
1411	dance
1412	pop
1413	dance
1414	pop
1415	pop
1416	pop
1417	pop
1418	dance
1419	pop
1420	pop
1421	pop
1422	pop
1423	edm
1424	edm
1425	pop
1426	pop
1427	pop
1428	pop
1429	pop
1430	reggae
1431	chanson
1432	pop
1433	r&b
1434	edm
1435	pop
1436	pop
1437	reggae
1438	pop
1439	rock
1440	hip hop
1441	pop
1442	hip hop
1443	pop
1444	pop
1445	edm
1446	classical
1447	r&b
1448	edm
1449	pop
1450	pop
1451	pop
1452	hip hop
1453	rock
1454	classical
1455	pop
1456	pop
1457	pop
1458	rock
1459	rock
1460	rock
1461	classical
1462	edm
1463	rock
1464	edm
1465	edm
1466	pop
1467	pop
1468	edm
1469	rock
1470	edm
1471	chanson
1472	pop
1473	dance
1474	pop
1475	pop
1476	pop
1477	hip hop
1478	pop
1479	pop
1480	pop
1481	pop
1482	classical
1483	hip hop
1484	r&b
1485	pop
1486	pop
1487	edm
1488	rock
1489	edm
1490	reggae
1491	pop
1492	edm
1493	pop
1494	edm
1495	rock
1496	rock
1497	edm
1498	rock
1499	pop
1500	chanson
1501	hip hop
1502	edm
1503	chanson
1504	edm
1505	pop
1506	pop
1507	pop
1508	rap
1509	rock
1510	pop
1511	chanson
1512	pop
1513	pop
1514	rock
1515	edm
1516	pop
1517	reggae
1518	rock
1519	rock
1520	pop
1521	pop
1522	edm
1523	pop
1524	pop
1525	pop
1526	rock
1527	dance
1528	dance
1529	rock
1530	pop
1531	dance
1532	pop
1533	pop
1534	pop
1535	pop
1536	dance
1537	pop
1538	pop
1539	pop
1540	pop
1541	pop
1542	pop
1543	pop
1544	edm
1545	punk
1546	rock
1547	pop
1548	pop
1549	pop
1550	dance
1551	pop
1552	pop
1553	pop
1554	dance
1555	pop
1556	pop
1557	pop
1558	pop
1559	pop
1560	pop
1561	dance
1562	rock
1563	pop
1564	edm
1565	edm
1566	pop
1567	dance
1568	pop
1569	edm
1570	edm
1571	dance
1572	pop
1573	pop
1574	edm
1575	rock
1576	pop
1577	edm
1578	edm
1579	pop
1580	edm
1581	rock
1582	edm
1583	edm
1584	dance
1585	pop
1586	edm
1587	edm
1588	rock
1589	pop
1590	hip hop
1591	edm
1592	chanson
1593	pop
1594	edm
1595	pop
1596	dance
1597	pop
1598	pop
1599	rock
1600	pop
1601	rock
1602	pop
1603	pop
1604	edm
1605	rock
1606	pop
1607	pop
1608	reggae
1609	rock
1610	edm
1611	rock
1612	pop
1613	pop
1614	edm
1615	edm
1616	rock
1617	classical
1618	hip hop
1619	reggae
1620	pop
1621	pop
1622	pop
1623	edm
1624	edm
1625	pop
1626	r&b
1627	rock
1628	pop
1629	rock
1630	rock
1631	pop
1632	edm
1633	chanson
1634	pop
1635	pop
1636	pop
1637	pop
1638	rock
1639	pop
1640	rock
1641	pop
1642	dance
1643	pop
1644	edm
1645	pop
1646	chanson
1647	pop
1648	pop
1649	pop
1650	rock
1651	pop
1652	pop
1653	edm
1654	edm
1655	edm
1656	pop
1657	pop
1658	pop
1659	pop
1660	pop
1661	pop
1662	edm
1663	pop
1664	pop
1665	pop
1666	edm
1667	chanson
1668	edm
1669	pop
1670	pop
1671	pop
1672	rock
1673	pop
1674	edm
1675	pop
1676	pop
1677	edm
1678	pop
1679	edm
1680	rap
1681	pop
1682	rock
1683	edm
1684	rock
1685	rock
1686	edm
1687	chanson
1688	pop
1689	pop
1690	pop
1691	edm
1692	pop
1693	pop
1694	pop
1695	rock
1696	edm
1697	pop
1698	pop
1699	edm
1700	edm
1701	chanson
1702	dance
1703	rock
1704	chanson
1705	rock
1706	pop
1707	edm
1708	edm
1709	pop
1710	pop
1711	rock
1712	chanson
1713	reggae
1714	pop
1715	rock
1716	pop
1717	hip hop
1718	pop
1719	pop
1720	rock
1721	pop
1722	chanson
1723	rock
1724	pop
1725	dance
1726	dance
1727	rap
1728	edm
1729	reggae
1730	dance
1731	pop
1732	pop
1733	edm
1734	dance
1735	dance
1736	pop
1737	pop
1738	pop
1739	edm
1740	edm
1741	rock
1742	pop
1743	pop
1744	pop
1745	dance
1746	pop
1747	edm
1748	edm
1749	pop
1750	reggae
1751	pop
1752	pop
1753	pop
1754	pop
1755	edm
1756	edm
1757	chanson
1758	edm
1759	pop
1760	pop
1761	edm
1762	edm
1763	hip hop
1764	pop
1765	pop
1766	pop
1767	rock
1768	edm
1769	pop
1770	classical
1771	pop
1772	edm
1773	pop
1774	edm
1775	edm
1776	rock
1777	rock
1778	pop
1779	rock
1780	pop
1781	pop
1782	pop
1783	classical
1784	rock
1785	rock
1786	rock
1787	pop
1788	pop
1789	pop
1790	edm
1791	edm
1792	pop
1793	pop
1794	rock
1795	pop
1796	pop
1797	edm
1798	chanson
1799	hip hop
1800	rock
1801	pop
1802	rock
1803	edm
1804	hip hop
1805	chanson
1806	rock
1807	reggae
1808	pop
1809	edm
1810	pop
1811	rock
1812	dance
1813	pop
1814	pop
1815	pop
1816	pop
1817	edm
1818	reggae
1819	edm
1820	edm
1821	pop
1822	edm
1823	pop
1824	blues
1825	dance
1826	pop
1827	edm
1828	rock
1829	pop
1830	pop
1831	dance
1832	pop
1833	pop
1834	edm
1835	edm
1836	pop
1837	edm
1838	pop
1839	rock
1840	pop
1841	edm
1842	rock
1843	r&b
1844	pop
1845	rock
1846	rock
1847	pop
1848	pop
1849	pop
1850	rock
1851	pop
1852	rock
1853	pop
1854	pop
1855	pop
1856	pop
1857	pop
1858	edm
1859	dance
1860	pop
1861	pop
1862	rock
1863	edm
1864	edm
1865	rock
1866	hip hop
1867	edm
1868	edm
1869	edm
1870	rock
1871	rock
1872	pop
1873	pop
1874	rock
1875	pop
1876	chanson
1877	country
1878	rock
1879	pop
1880	hip hop
1881	edm
1882	edm
1883	pop
1884	pop
1885	pop
1886	dance
1887	edm
1888	rock
1889	pop
1890	pop
1891	pop
1892	edm
1893	dance
1894	pop
1895	chanson
1896	pop
1897	rock
1898	pop
1899	reggae
1900	pop
1901	edm
1902	chanson
1903	dance
1904	pop
1905	rap
1906	dance
1907	edm
1908	edm
1909	rock
1910	dance
1911	pop
1912	pop
1913	pop
1914	pop
1915	pop
1916	pop
1917	edm
1918	pop
1919	pop
1920	rock
1921	classical
1922	pop
1923	edm
1924	hip hop
1925	rock
1926	pop
1927	chanson
1928	pop
1929	pop
1930	dance
1931	pop
1932	dance
1933	pop
1934	rock
1935	pop
1936	edm
1937	pop
1938	pop
1939	pop
1940	reggae
1941	edm
1942	hip hop
1943	chanson
1944	pop
1945	pop
1946	rock
1947	rock
1948	pop
1949	rock
1950	r&b
1951	pop
1952	pop
1953	pop
1954	pop
1955	dance
1956	pop
1957	rock
1958	pop
1959	rock
1960	rock
1961	rock
1962	pop
1963	edm
1964	rock
1965	pop
1966	pop
1967	dance
1968	pop
1969	pop
1970	dance
1971	pop
1972	edm
1973	pop
1974	rock
1975	pop
1976	edm
1977	pop
1978	pop
1979	edm
1980	pop
1981	edm
1982	pop
1983	edm
1984	hip hop
1985	edm
1986	edm
1987	pop
1988	edm
1989	pop
1990	pop
1991	edm
1992	pop
1993	rock
1994	pop
1995	pop
1996	rock
1997	pop
1998	pop
1999	pop
2000	rock
2001	dance
2002	pop
2003	pop
2004	pop
2005	rock
2006	pop
2007	pop
2008	dance
2009	pop
2010	rock
2011	pop
2012	reggae
2013	pop
2014	rock
2015	edm
2016	edm
2017	reggae
2018	pop
2019	pop
2020	pop
2021	pop
2022	pop
2023	dance
2024	pop
2025	rock
2026	pop
2027	rock
2028	edm
2029	rock
2030	edm
2031	edm
2032	rock
2033	rock
2034	rock
2035	pop
2036	pop
2037	edm
2038	edm
2039	pop
2040	rock
2041	rock
2042	edm
2043	pop
2044	pop
2045	reggae
2046	rock
2047	rock
2048	rock
2049	pop
2050	edm
2051	pop
2052	reggae
2053	rock
2054	pop
2055	pop
2056	rock
2057	pop
2058	edm
2059	edm
2060	edm
2061	r&b
2062	edm
2063	chanson
2064	reggae
2065	pop
2066	dance
2067	edm
2068	pop
2069	edm
2070	pop
2071	pop
2072	edm
2073	rock
2074	rock
2075	r&b
2076	reggae
2077	pop
2078	pop
2079	edm
2080	edm
2081	edm
2082	pop
2083	rock
2084	pop
2085	rock
2086	pop
2087	rock
2088	rock
2089	edm
2090	pop
2091	pop
2092	edm
2093	edm
2094	pop
2095	edm
2096	pop
2097	pop
2098	rap
2099	dance
2100	pop
2101	hip hop
2102	edm
2103	pop
2104	edm
2105	edm
2106	pop
2107	edm
2108	pop
2109	rock
2110	pop
2111	pop
2112	edm
2113	edm
2114	edm
2115	edm
2116	pop
2117	rock
2118	edm
2119	rock
2120	dance
2121	rock
2122	rock
2123	edm
2124	edm
2125	edm
2126	rock
2127	pop
2128	pop
2129	pop
2130	reggae
2131	pop
2132	pop
2133	pop
2134	edm
2135	pop
2136	pop
2137	rock
2138	pop
2139	rock
2140	pop
2141	edm
2142	edm
2143	pop
2144	pop
2145	pop
2146	dance
2147	reggae
2148	edm
2149	rock
2150	edm
2151	country
2152	pop
2153	pop
2154	rock
2155	pop
2156	pop
2157	edm
2158	pop
2159	pop
2160	pop
2161	pop
2162	pop
2163	rock
2164	pop
2165	rock
2166	classical
2167	edm
2168	pop
2169	pop
2170	chanson
2171	edm
2172	reggae
2173	pop
2174	rock
2175	pop
2176	pop
2177	edm
2178	reggae
2179	rock
2180	classical
2181	edm
2182	pop
2183	rock
2184	rock
2185	edm
2186	dance
2187	hip hop
2188	pop
2189	edm
2190	rock
2191	r&b
2192	rock
2193	edm
2194	edm
2195	pop
2196	edm
2197	pop
2198	pop
2199	country
2200	pop
2201	pop
2202	rock
2203	pop
2204	classical
2205	pop
2206	edm
2207	pop
2208	pop
2209	pop
2210	pop
2211	dance
2212	pop
2213	pop
2214	pop
2215	edm
2216	pop
2217	edm
2218	edm
2219	hip hop
2220	dance
2221	pop
2222	pop
2223	reggae
2224	pop
2225	pop
2226	pop
2227	pop
2228	rock
2229	rock
2230	pop
2231	edm
2232	pop
2233	edm
2234	pop
2235	reggae
2236	rock
2237	pop
2238	pop
2239	edm
2240	pop
2241	reggae
2242	pop
2243	rock
2244	edm
2245	rock
2246	edm
2247	rap
2248	pop
2249	reggae
2250	pop
2251	pop
2252	pop
2253	chanson
2254	edm
2255	edm
2256	pop
2257	rock
2258	pop
2259	edm
2260	rock
2261	pop
2262	pop
2263	edm
2264	reggae
2265	pop
2266	rock
2267	rock
2268	blues
2269	rock
2270	pop
2271	dance
2272	edm
2273	pop
2274	dance
2275	dance
2276	pop
2277	pop
2278	reggae
2279	rock
2280	edm
2281	pop
2282	chanson
2283	pop
2284	rock
2285	pop
2286	pop
2287	dance
2288	rock
2289	pop
2290	dance
2291	rock
2292	reggae
2293	pop
2294	pop
2295	pop
2296	pop
2297	chanson
2298	rock
2299	pop
2300	pop
2301	classical
2302	pop
2303	edm
2304	rock
2305	edm
2306	edm
2307	pop
2308	pop
2309	pop
2310	pop
2311	rap
2312	chanson
2313	dance
2314	rock
2315	pop
2316	pop
2317	rap
2318	pop
2319	pop
2320	pop
2321	rock
2322	dance
2323	pop
2324	rock
2325	edm
2326	edm
2327	pop
2328	edm
2329	edm
2330	pop
2331	edm
2332	pop
2333	pop
2334	rock
2335	rock
2336	reggae
2337	pop
2338	dance
2339	pop
2340	hip hop
2341	pop
2342	edm
2343	rock
2344	pop
2345	pop
2346	pop
2347	pop
2348	pop
2349	pop
2350	chanson
2351	edm
2352	edm
2353	reggae
2354	pop
2355	pop
2356	pop
2357	pop
2358	pop
2359	pop
2360	edm
2361	edm
2362	pop
2363	dance
2364	pop
2365	dance
2366	pop
2367	pop
2368	pop
2369	rock
2370	reggae
2371	edm
2372	chanson
2373	edm
2374	pop
2375	pop
2376	reggae
2377	edm
2378	edm
2379	pop
2380	dance
2381	edm
2382	edm
2383	pop
2384	rock
2385	pop
2386	edm
2387	pop
2388	rock
2389	hip hop
2390	edm
2391	rock
2392	pop
2393	edm
2394	reggae
2395	edm
2396	pop
2397	edm
2398	pop
2399	pop
2400	classical
2401	dance
2402	pop
2403	pop
2404	classical
2405	pop
2406	edm
2407	pop
2408	pop
2409	pop
2410	reggae
2411	pop
2412	edm
2413	rock
2414	pop
2415	edm
2416	dance
2417	dance
2418	pop
2419	dance
2420	pop
2421	rock
2422	dance
2423	classical
2424	pop
2425	pop
2426	pop
2427	pop
2428	pop
2429	edm
2430	pop
2431	pop
2432	pop
2433	edm
2434	dance
2435	edm
2436	pop
2437	pop
2438	rap
2439	dance
2440	rock
2441	rock
2442	rock
2443	edm
2444	edm
2445	hip hop
2446	pop
2447	edm
2448	edm
2449	edm
2450	dance
2451	pop
2452	rock
2453	dance
2454	edm
2455	edm
2456	hip hop
2457	dance
2458	rock
2459	dance
2460	pop
2461	edm
2462	edm
2463	edm
2464	edm
2465	pop
2466	dance
2467	pop
2468	edm
2469	edm
2470	dance
2471	classical
2472	pop
2473	pop
2474	pop
2475	rap
2476	pop
2477	reggae
2478	rap
2479	edm
2480	edm
2481	rap
2482	rock
2483	rock
2484	pop
2485	chanson
2486	pop
2487	chanson
2488	pop
2489	rock
2490	pop
2491	pop
2492	edm
2493	rock
2494	edm
2495	chanson
2496	edm
2497	pop
2498	rock
2499	pop
2500	edm
2501	edm
2502	edm
2503	pop
2504	rock
2505	pop
2506	edm
2507	pop
2508	reggae
2509	hip hop
2510	pop
2511	edm
2512	pop
2513	pop
2514	edm
2515	edm
2516	pop
2517	pop
2518	rock
2519	dance
2520	pop
2521	dance
2522	pop
2523	edm
2524	rock
2525	pop
2526	chanson
2527	pop
2528	rock
2529	edm
2530	pop
2531	edm
2532	pop
2533	pop
2534	pop
2535	rock
2536	rock
2537	edm
2538	pop
2539	pop
2540	rock
2541	pop
2542	rock
2543	edm
2544	classical
2545	reggae
2546	pop
2547	pop
2548	reggae
2549	edm
2550	pop
2551	pop
2552	rock
2553	pop
2554	pop
2555	edm
2556	pop
2557	pop
2558	pop
2559	pop
2560	pop
2561	edm
2562	pop
2563	pop
2564	rap
2565	chanson
2566	pop
2567	reggae
2568	pop
2569	pop
2570	pop
2571	hip hop
2572	edm
2573	pop
2574	pop
2575	edm
2576	pop
2577	pop
2578	pop
2579	pop
2580	rock
2581	pop
2582	pop
2583	rap
2584	edm
2585	pop
2586	pop
2587	pop
2588	rock
2589	pop
2590	chanson
2591	pop
2592	dance
2593	edm
2594	pop
2595	pop
2596	pop
2597	pop
2598	dance
2599	edm
2600	edm
2601	pop
2602	pop
2603	edm
2604	pop
2605	rock
2606	rock
2607	pop
2608	dance
2609	rock
2610	reggae
2611	pop
2612	pop
2613	pop
2614	pop
2615	rock
2616	edm
2617	pop
2618	edm
2619	pop
2620	edm
2621	pop
2622	pop
2623	pop
2624	pop
2625	edm
2626	pop
2627	edm
2628	pop
2629	pop
2630	edm
2631	rock
2632	pop
2633	edm
2634	rock
2635	pop
2636	edm
2637	rock
2638	pop
2639	pop
2640	edm
2641	pop
2642	pop
2643	pop
2644	pop
2645	rock
2646	pop
2647	pop
2648	pop
2649	pop
2650	rock
2651	edm
2652	pop
2653	edm
2654	pop
2655	pop
2656	edm
2657	pop
2658	rock
2659	pop
2660	pop
2661	edm
2662	pop
2663	pop
2664	pop
2665	reggae
2666	pop
2667	rock
2668	pop
2669	rock
2670	pop
2671	rock
2672	rock
2673	edm
2674	dance
2675	edm
2676	pop
2677	rock
2678	edm
2679	edm
2680	rock
2681	pop
2682	pop
2683	reggae
2684	classical
2685	edm
2686	pop
2687	dance
2688	edm
2689	rap
2690	pop
2691	pop
2692	rock
2693	dance
2694	rock
2695	pop
2696	edm
2697	pop
2698	rock
2699	pop
2700	pop
2701	rock
2702	pop
2703	pop
2704	edm
2705	pop
2706	rock
2707	edm
2708	hip hop
2709	rap
2710	pop
2711	edm
2712	rock
2713	reggae
2714	r&b
2715	pop
2716	pop
2717	dance
2718	pop
2719	dance
2720	pop
2721	edm
2722	pop
2723	dance
2724	pop
2725	pop
2726	pop
2727	pop
2728	edm
2729	rock
2730	pop
2731	edm
2732	rock
2733	pop
2734	pop
2735	reggae
2736	rock
2737	reggae
2738	rock
2739	r&b
2740	pop
2741	edm
2742	pop
2743	rock
2744	pop
2745	pop
2746	reggae
2747	pop
2748	dance
2749	pop
2750	pop
2751	reggae
2752	rock
2753	rock
2754	edm
2755	edm
2756	pop
2757	hip hop
2758	pop
2759	chanson
2760	reggae
2761	dance
2762	rock
2763	edm
2764	pop
2765	pop
2766	pop
2767	rock
2768	edm
2769	dance
2770	edm
2771	pop
2772	edm
2773	pop
2774	dance
2775	hip hop
2776	hip hop
2777	chanson
2778	pop
2779	pop
2780	pop
2781	pop
2782	pop
2783	pop
2784	rock
2785	dance
2786	edm
2787	chanson
2788	pop
2789	edm
2790	pop
2791	edm
2792	r&b
2793	rock
2794	pop
2795	pop
2796	edm
2797	pop
2798	edm
2799	pop
2800	country
2801	pop
2802	rock
2803	rock
2804	rock
2805	edm
2806	blues
2807	pop
2808	rock
2809	pop
2810	rock
2811	dance
2812	pop
2813	edm
2814	reggae
2815	pop
2816	edm
2817	edm
2818	pop
2819	pop
2820	pop
2821	rock
2822	dance
2823	dance
2824	pop
2825	pop
2826	chanson
2827	pop
2828	pop
2829	edm
2830	pop
2831	pop
2832	pop
